ID	Description	GeneRatio	BgRatio	RichFactor	FoldEnrichment	zScore	pvalue	p.adjust	qvalue	geneID	Count
GO:0009415	response to water	55/635	445/16159	0.123595505617978	3.14516500044236	9.28060270307938	3.72076816159716e-14	3.26034034375186e-11	3.26034034375186e-11	DREB19/ATDI8/AtCor6.6/CER1/HIS1-3/ANNAT4/ATOST1/LTI30/COR413-TM1/ATDI21/ATCHIA/KIN1/CV/TMT2/ATRD22/ERD10/ANN3/ATP5CS/AtLEA4-5/ESL1/ABCG22/NF-YA5/AtLtpI-11/AOC1/AtGolS2/COR78/LEA7/ATSTP13/AT-POX/UGT74E2/AtCOR47/ATGSTU17/HAI1/ATHVA22D/ABR/AtERF71/LDAP2/AKR4C9/ATGRP-3/AtLtpI-5/ATSUS3/LTP3/XERO1/LTI65/LEA30/ATCOR413-PM1/ERF113/AIK1/ATPK10/AtERF019/ABI5/NA/CPUORF47/ANN7/AtLEA14	55
GO:0001101	response to acid chemical	57/635	478/16159	0.119246861924686	3.03450400289922	9.13196981036262	5.8957329905097e-14	3.26034034375186e-11	3.26034034375186e-11	DREB19/ATDI8/AtCor6.6/CER1/HIS1-3/ANNAT4/ATOST1/LTI30/COR413-TM1/ATDI21/ATCHIA/KIN1/CV/TMT2/ATRD22/ERD10/ANN3/ATP5CS/AtLEA4-5/ESL1/ABCG22/NF-YA5/AtLtpI-11/AOC1/AtGolS2/COR78/LEA7/ATSTP13/AT-POX/UGT74E2/AtCOR47/ATGSTU17/HAI1/NIC3/ATHVA22D/ABR/AtERF71/LDAP2/AKR4C9/ATGRP-3/AtLtpI-5/ATGLR2.5/ATSUS3/LTP3/XERO1/LTI65/LEA30/ATCOR413-PM1/ERF113/AIK1/ATPK10/AtERF019/ABI5/NA/CPUORF47/ANN7/AtLEA14	57
GO:0009414	response to water deprivation	53/635	435/16159	0.12183908045977	3.10046882070776	8.9816928172514	1.98908483870305e-13	7.33309277201858e-11	7.33309277201858e-11	DREB19/ATDI8/AtCor6.6/CER1/HIS1-3/ANNAT4/ATOST1/LTI30/COR413-TM1/ATDI21/ATCHIA/KIN1/CV/TMT2/ATRD22/ERD10/ANN3/ATP5CS/AtLEA4-5/ESL1/ABCG22/NF-YA5/AtLtpI-11/AOC1/AtGolS2/COR78/LEA7/ATSTP13/AT-POX/UGT74E2/AtCOR47/ATGSTU17/HAI1/ATHVA22D/ABR/AtERF71/LDAP2/AKR4C9/ATGRP-3/AtLtpI-5/ATSUS3/LTP3/XERO1/LTI65/LEA30/ATCOR413-PM1/ERF113/AIK1/AtERF019/ABI5/CPUORF47/ANN7/AtLEA14	53
GO:0009409	response to cold	50/635	418/16159	0.119617224880383	3.04392871943639	8.56281527172473	1.98926937539823e-12	5.50032982297612e-10	5.50032982297612e-10	COR27/ATDI8/AtCor6.6/CIPK9/NA/ANNAT4/LTI30/ATICS1/COR413-TM1/ATDI21/ATCHIA/GWD/LEA25/ELIP/ARACIN1/KIN1/AOC2/TMT2/ERD10/ANN3/AtLEA4-5/OLE2/AtSAP10/AtGolS2/AITRL/COR78/LEA7/AGL19/AtcPT5/AtCOR47/AZF3/ATHVA22D/AZF1/AtBG2/ATGSTU26/ATFER1/AKR4C9/KCS1/AtCER6/ATECP63/XERO1/LTI65/ATCOR413-PM1/AtJAZ4/ERF113/RCI2A/AtFAD7/AIK1/ANN7/ATCAX1	50
GO:0009651	response to salt stress	51/635	494/16159	0.103238866396761	2.62714463323664	7.42853682295696	2.78181995207557e-10	6.15338573399116e-08	6.15338573399116e-08	DREB19/CIPK9/ATCCX3/ANNAT4/ATOST1/HSP17.6B/ANAC040/ATCHIA/NA/NA/ATCP1/ATTSPO/ATRD22/RAS1/ANN3/ATP5CS/GABA-T/HHP1/ESL1/ATHVA22B/ECT8/AtSAP10/AtLtpI-11/AtGolS2/SRO5/COR78/ATSTP13/UGT74E2/AZF3/AFP4/ATGSTU17/ATHVA22D/RHA2A/AZF1/ROSY1/AKR4C9/LTI65/BGLU33/ERF113/RCI2A/AIK1/NA/NA/ABI5/AHA4/BGLU24/NA/ABCG11/ANN7/ChiC/ATCAX1	51
GO:0006722	triterpenoid metabolic process	8/635	19/16159	0.421052631578947	10.7146290924161	8.56899928406722	2.80154242987838e-07	5.16417654574247e-05	5.16417654574247e-05	CYP708/CYP71A16/MRN1/CYP716A2/CYP705A5/ATLUP1/ATPEN3/AtTHAS1	8
GO:0009631	cold acclimation	13/635	62/16159	0.209677419354839	5.33571247142494	6.91771544861676	6.64014931557259e-07	0.000104914359186047	0.000104914359186047	ATDI8/LTI30/COR413-TM1/ATDI21/GWD/LEA25/KIN1/ERD10/AtCOR47/ATECP63/XERO1/ATCOR413-PM1/ATCAX1	13
GO:0009611	response to wounding	28/635	257/16159	0.108949416342412	2.77246239161739	5.79290709734933	1.09308132429024e-06	0.000151118493083126	0.000151118493083126	ATLOX6/CYP94B1/JAI3/JAZ13/CIPK9/CER1/ATPP2-A5/AtOPR3/ATCHIA/DAISY/COR78/JMJ30/NA/NA/JAS1/TAT/CYP94C1/GES/JAZ9/ATOPR1/AtJAZ4/ERF113/NA/JAZ7/ABCG11/AtPP2-A13/NA/AtLEA14	28
GO:0009753	response to jasmonic acid	24/635	216/16159	0.111111111111111	2.82747156605424	5.46853918553646	4.52372686042827e-06	0.0005360571080518	0.0005360571080518	JAI3/JAZ13/CER1/NA/ATPP2-A5/ARACIN1/JAO4/ILL6/FMOGS-OX6/NA/ATJRG21/ESP/ATVSP1/JAS1/TAT/GES/JAZ9/CuAO/PROPEP4/AtJAZ4/ERF113/JAO2/JAZ7/ChiC	24
GO:0009407	toxin catabolic process	10/635	43/16159	0.232558139534884	5.91796374290423	6.53085089527523	4.84680929522423e-06	0.0005360571080518	0.0005360571080518	ATGSTU24/ATGSTU25/AT103-1A/ATGSTU4/ATGSTU22/ATGSTU3/ATGSTU17/ATGSTU26/ATGSTU6/ATGSTU9	10
GO:0070542	response to fatty acid	24/635	220/16159	0.109090909090909	2.77606299212598	5.36436126093308	6.21725348380254e-06	0.000625116577553237	0.000625116577553237	JAI3/JAZ13/CER1/NA/ATPP2-A5/ARACIN1/JAO4/ILL6/FMOGS-OX6/NA/ATJRG21/ESP/ATVSP1/JAS1/TAT/GES/JAZ9/CuAO/PROPEP4/AtJAZ4/ERF113/JAO2/JAZ7/ChiC	24
GO:0009620	response to fungus	32/635	367/16159	0.0871934604904632	2.21883327254393	4.77680610641407	2.22266972626311e-05	0.00204856059770584	0.00204856059770584	AtMYB108/CER1/NA/ABR1/NA/NA/LTI30/ATICS1/AtOPR3/RTP1/ARGAH2/ATCHIA/GWD/ARACIN1/NA/JAO4/ATWRKY18/AtTSA1/CYP707A1/ERF114/AtCOR47/CEP1/ATJRG21/CIPK25/ALPHA-DOX1/DLO1/AtHMAD1/LTPG6/JAO2/AtERF019/NA/AtLEA14	32
GO:2000022	regulation of jasmonic acid mediated signaling pathway	9/635	42/16159	0.214285714285714	5.45298087739033	5.8440270824642	2.94135107343532e-05	0.00250241099016882	0.00250241099016882	JAI3/JAZ13/JAO4/ATJRG21/JAS1/JAZ9/AtJAZ4/JAO2/JAZ7	9
GO:0090693	plant organ senescence	19/635	173/16159	0.109826589595376	2.7947840334987	4.80003265722774	5.15626886822201e-05	0.00407345240589538	0.00407345240589538	AtSWEET15/MAPKKK18/AtDMP1/CV/AtOCT1/DEAR4/ATGLN1;1/anac032/COR78/HAI1/ABR/ESP/CIPK25/DLO1/ATOPR1/NA/LTI65/PES2/AtPP2-A13	19
GO:0006749	glutathione metabolic process	10/635	56/16159	0.178571428571429	4.5441507311586	5.37318320381854	5.67975549429978e-05	0.00418787305113037	0.00418787305113037	ATGSTU24/ATGSTU25/AT103-1A/ATGSTU4/ATGSTU22/ATGSTU3/ATGSTU17/ATGSTU26/ATGSTU6/ATGSTU9	10
GO:0006869	lipid transport	14/635	106/16159	0.132075471698113	3.36095676719655	4.9322117313404	6.8101231865667e-05	0.00470749765271423	0.00470749765271423	ABCG30/NA/AtLtpI-11/AtSWEET13/NA/NA/AtSWEET14/ROSY1/AtLtpI-5/ATLTP1/LTP3/ABCA8/LTPG13/ABCG11	14
GO:0009404	toxin metabolic process	10/635	58/16159	0.172413793103448	4.38745587836003	5.22685035639563	7.75544011066472e-05	0.00484580954579258	0.00484580954579258	ATGSTU24/ATGSTU25/AT103-1A/ATGSTU4/ATGSTU22/ATGSTU3/ATGSTU17/ATGSTU26/ATGSTU6/ATGSTU9	10
GO:0010876	lipid localization	14/635	108/16159	0.12962962962963	3.29871682706328	4.84758187334759	8.37602309446876e-05	0.00484580954579258	0.00484580954579258	ABCG30/NA/AtLtpI-11/AtSWEET13/NA/NA/AtSWEET14/ROSY1/AtLtpI-5/ATLTP1/LTP3/ABCA8/LTPG13/ABCG11	14
GO:0008643	carbohydrate transport	9/635	48/16159	0.1875	4.77135826771654	5.29219707491802	8.96421155622156e-05	0.00484580954579258	0.00484580954579258	ATSDX1/AtSWEET15/ABCG30/ESL1/AtSWEET13/ATSTP13/AtSWEET1/AtSWEET4/AtSWEET14	9
GO:0071215	cellular response to abscisic acid stimulus	23/635	243/16159	0.0946502057613169	2.40858688960176	4.47454274227278	9.20090420087199e-05	0.00484580954579258	0.00484580954579258	AtSWEET15/MAPKKK18/ABR1/AtPYL4/AtPYL5/ATOST1/CAR6/ABCG30/RAS1/HHP1/NF-YA5/UGT74E2/JMJ30/AFP4/HAI1/RHA2A/MAPKKK17/VQ26/LTI65/AIK1/ATPK10/NA/ELO4	23
GO:0097306	cellular response to alcohol	23/635	243/16159	0.0946502057613169	2.40858688960176	4.47454274227278	9.20090420087199e-05	0.00484580954579258	0.00484580954579258	AtSWEET15/MAPKKK18/ABR1/AtPYL4/AtPYL5/ATOST1/CAR6/ABCG30/RAS1/HHP1/NF-YA5/UGT74E2/JMJ30/AFP4/HAI1/RHA2A/MAPKKK17/VQ26/LTI65/AIK1/ATPK10/NA/ELO4	23
GO:0042538	hyperosmotic salinity response	10/635	60/16159	0.166666666666667	4.24120734908136	5.08700116933929	0.000104418611842498	0.00524940839535468	0.00524940839535468	ATCP1/RAS1/ATP5CS/ATHVA22B/COR78/UGT74E2/AZF3/ATHVA22D/AZF1/RCI2A	10
GO:0003333	amino acid transmembrane transport	10/635	61/16159	0.163934426229508	4.17167935975216	5.01934536879341	0.0001205626450481	0.00579749067057385	0.00579749067057385	AAP2/NA/AtAVT3/AAP7/AAP1/UMAMIT14/NA/ATGDU2/NA/LHT7	10
GO:0009269	response to desiccation	6/635	23/16159	0.260869565217391	6.63841150290996	5.47269936337959	0.000204710149589201	0.00943372606023566	0.00943372606023566	ATRD22/ATP5CS/AOC1/COR78/ATGRP-3/AtLEA14	6
GO:0071396	cellular response to lipid	35/635	473/16159	0.0739957716701903	1.88298846365135	3.94192486398803	0.000258163055492263	0.0112844249330898	0.0112844249330898	AtSWEET15/JAI3/JAZ13/MAPKKK18/ABR1/AtPYL4/AtPYL5/ATOST1/ATPP2-A5/CAR6/ANAC040/ABCG30/scpl23/RAS1/JAO4/HHP1/NF-YA5/UGT74E2/JMJ30/AFP4/HAI1/RHA2A/ATJRG21/JAS1/JAZ9/MAPKKK17/VQ26/LTI65/AtJAZ4/AIK1/JAO2/JAZ7/ATPK10/NA/ELO4	35
GO:0009636	response to toxic substance	18/635	180/16159	0.1	2.54472440944882	4.21493916669678	0.000265275812170286	0.0112844249330898	0.0112844249330898	ATGSTU24/ATGSTU25/ATMT3/AT103-1A/Prx66/AtDTX31/ATGSTU4/ATGSTU22/NA/ATGSTU3/ATGSTU17/ATGSTU26/NA/JAO2/NA/ATGSTU6/ATGSTU9/ATCCD8	18
GO:0050832	defense response to fungus	23/635	262/16159	0.0877862595419847	2.23391837470698	4.07247416173222	0.000280492377599445	0.0114897988749995	0.0114897988749995	CER1/ABR1/LTI30/ATICS1/RTP1/ARGAH2/ATCHIA/ARACIN1/NA/JAO4/ATWRKY18/AtTSA1/CYP707A1/ERF114/AtCOR47/CEP1/ATJRG21/CIPK25/ALPHA-DOX1/AtHMAD1/LTPG6/JAO2/AtLEA14	23
GO:0010150	leaf senescence	17/635	167/16159	0.101796407185629	2.59043802159461	4.17832716181651	0.000315701550004953	0.0124702112251957	0.0124702112251957	AtSWEET15/MAPKKK18/CV/AtOCT1/DEAR4/ATGLN1;1/anac032/COR78/HAI1/ABR/ESP/CIPK25/DLO1/ATOPR1/NA/LTI65/AtPP2-A13	17
GO:0006979	response to oxidative stress	31/635	407/16159	0.0761670761670762	1.93824217918706	3.8772441872016	0.000350110484649492	0.0133524895180117	0.0133524895180117	ATSDX1/ATACP5/NA/AtGolS4/ATMSRB8/HSP17.6B/AtOPR3/NA/AT103-1A/ARACIN1/CV/ATP5CS/NA/NA/AtGolS2/NA/COR78/AT-POX/UGT74E2/NA/ATMSRB6/ALPHA-DOX1/ATFER1/GES/NA/NA/AIK1/NA/NA/NA/ATMSRB7	31
GO:2000142	regulation of DNA-templated transcription initiation	5/635	17/16159	0.294117647058824	7.48448355720241	5.41003444304734	0.000385006476865112	0.0141939054470938	0.0141939054470938	AITR5/AITR1/AITR4/AITR3/AITR2	5
GO:0098754	detoxification	16/635	156/16159	0.102564102564103	2.60997375328084	4.08657280002341	0.000431420695363523	0.0142753161756638	0.0142753161756638	ATGSTU24/ATGSTU25/ATMT3/AT103-1A/Prx66/AtDTX31/ATGSTU4/ATGSTU22/NA/ATGSTU3/ATGSTU17/ATGSTU26/NA/NA/ATGSTU6/ATGSTU9	16
GO:0006972	hyperosmotic response	10/635	71/16159	0.140845070422535	3.58411888654763	4.4133613084973	0.000434077443234256	0.0142753161756638	0.0142753161756638	ATCP1/RAS1/ATP5CS/ATHVA22B/COR78/UGT74E2/AZF3/ATHVA22D/AZF1/RCI2A	10
GO:0071214	cellular response to abiotic stimulus	20/635	220/16159	0.0909090909090909	2.31338582677165	3.96690662494962	0.000438843354405578	0.0142753161756638	0.0142753161756638	AtHBP2/AtSWEET15/ATOST1/COR413-TM1/ANAC040/ATCHIA/ELIP/KIN1/RAS1/NF-YA5/AtSAP10/UGT74E2/ATCOR413-PM1/BGLU33/ADR2/AtERF019/BGLU24/AtPaspA2/FLP1/ELF4	20
GO:0104004	cellular response to environmental stimulus	20/635	220/16159	0.0909090909090909	2.31338582677165	3.96690662494962	0.000438843354405578	0.0142753161756638	0.0142753161756638	AtHBP2/AtSWEET15/ATOST1/COR413-TM1/ANAC040/ATCHIA/ELIP/KIN1/RAS1/NF-YA5/AtSAP10/UGT74E2/ATCOR413-PM1/BGLU33/ADR2/AtERF019/BGLU24/AtPaspA2/FLP1/ELF4	20
GO:0006865	amino acid transport	10/635	72/16159	0.138888888888889	3.5343394575678	4.3588542760999	0.00048668134008891	0.0153791303468095	0.0153791303468095	AAP2/NA/AtAVT3/AAP7/AAP1/UMAMIT14/NA/ATGDU2/NA/LHT7	10
GO:0006720	isoprenoid metabolic process	19/635	209/16159	0.0909090909090909	2.31338582677165	3.86512881302813	0.000604450828386953	0.0185432452872268	0.0185432452872268	ATSDX1/NA/GFPPS3/CYP707A1/AtcPT5/ATNCED2/CYP708/NA/GES/CYP71A16/NA/MRN1/CYP716A2/CYP705A5/ATLUP1/PES2/ATPEN3/AtTHAS1/ATCCD8	19
GO:0006721	terpenoid metabolic process	17/635	177/16159	0.096045197740113	2.44408559099604	3.90699497062193	0.000620343648849359	0.0185432452872268	0.0185432452872268	ATSDX1/NA/CYP707A1/ATNCED2/CYP708/NA/GES/CYP71A16/NA/MRN1/CYP716A2/CYP705A5/ATLUP1/PES2/ATPEN3/AtTHAS1/ATCCD8	17
GO:0015850	organic hydroxy compound transport	6/635	28/16159	0.214285714285714	5.45298087739033	4.76955704822142	0.000646225929988353	0.0188085757517663	0.0188085757517663	ABCG30/NA/ATINT2/NIP2;1/NA/ROSY1	6
GO:0070588	calcium ion transmembrane transport	8/635	51/16159	0.156862745098039	3.99172456384128	4.3277755833904	0.000777329618218417	0.0217140045366185	0.0217140045366185	MCU4/ACA13/PLC7/ATCAX3/APC1/ATPLC4/MCU3/ATCAX1	8
GO:0015849	organic acid transport	11/635	90/16159	0.122222222222222	3.11021872265967	4.06006651713392	0.000785316619769206	0.0217140045366185	0.0217140045366185	NA/ABCG30/NIP2;1/NA/AtSWEET13/AtAVT3/AtSWEET14/ABCG6/AAP1/UMAMIT14/ABCG11	11
GO:0001666	response to hypoxia	22/635	266/16159	0.0827067669172932	2.1046592860103	3.67405008042482	0.000844572906202257	0.0227828691282853	0.0227828691282853	FLZ8/AtTEM1/AtPDC1/NIP2;1/CYP707A1/HRA1/SRO5/AT-POX/ATSPX1/HUP6/CIPK25/NA/NA/AtPPsPase1/NA/WIP3/AtERF71/HUP44/ATOPR1/UGT73B3/NA/AtERF73	22
GO:0036293	response to decreased oxygen levels	22/635	270/16159	0.0814814814814815	2.07347914843978	3.59754355067087	0.00102730260821937	0.0270523020164434	0.0270523020164434	FLZ8/AtTEM1/AtPDC1/NIP2;1/CYP707A1/HRA1/SRO5/AT-POX/ATSPX1/HUP6/CIPK25/NA/NA/AtPPsPase1/NA/WIP3/AtERF71/HUP44/ATOPR1/UGT73B3/NA/AtERF73	22
GO:0070482	response to oxygen levels	22/635	271/16159	0.0811808118081181	2.06582793386989	3.57862322117661	0.00107797866896863	0.0277266141367279	0.0277266141367279	FLZ8/AtTEM1/AtPDC1/NIP2;1/CYP707A1/HRA1/SRO5/AT-POX/ATSPX1/HUP6/CIPK25/NA/NA/AtPPsPase1/NA/WIP3/AtERF71/HUP44/ATOPR1/UGT73B3/NA/AtERF73	22
GO:2000068	regulation of defense response to insect	4/635	13/16159	0.307692307692308	7.82992125984252	4.98234442293437	0.0012716648943685	0.0319650312084446	0.0319650312084446	JAO4/ATGSTU4/ATJRG21/JAO2	4
GO:0019748	secondary metabolic process	19/635	225/16159	0.0844444444444444	2.14887839020122	3.50979507974134	0.00146018339019896	0.0358880628791123	0.0358880628791123	ATGSTU24/SCPL11/ATGSTU25/AT103-1A/DAISY/ATGSTU4/ATGSTU22/ATGSTU3/AITRL/ATGPAT5/SCPL19/ANAC043/ATGSTU17/ATGSTU26/ABCG6/ATGSTU6/ATCAD9/ABCG11/ATGSTU9	19
GO:0009738	abscisic acid-activated signaling pathway	18/635	209/16159	0.0861244019138756	2.1916286779942	3.506812883056	0.00154521910525206	0.0371524419654082	0.0371524419654082	MAPKKK18/ABR1/AtPYL4/AtPYL5/ATOST1/CAR6/ABCG30/RAS1/HHP1/NF-YA5/JMJ30/AFP4/HAI1/RHA2A/MAPKKK17/LTI65/AIK1/ATPK10	18
GO:0055062	phosphate ion homeostasis	5/635	23/16159	0.217391304347826	5.5320095857583	4.39881444658824	0.00172189543949598	0.0397553284338039	0.0397553284338039	ATACP5/AtG3Pp1/ATCAX3/AtG3Pp4/ATCAX1	5
GO:0016104	triterpenoid biosynthetic process	4/635	14/16159	0.285714285714286	7.27064116985377	4.74718099338959	0.00172536687596979	0.0397553284338039	0.0397553284338039	MRN1/ATLUP1/ATPEN3/AtTHAS1	4
GO:0042594	response to starvation	18/635	214/16159	0.0841121495327103	2.14042240047097	3.39655938108244	0.00200955823408797	0.0453586001408427	0.0453586001408427	FLZ8/NA/CIPK9/NA/PDLZ2/AtPDC1/ATNRAMP6/ATPPCK2/NA/ATSPX1/LPR1/CGLD27/NA/AtPPsPase1/ANAC100/CCT101/IRM1/PES2	18
GO:0016311	dephosphorylation	11/635	102/16159	0.107843137254902	2.74431063764088	3.57413176290972	0.00220299904817566	0.0475838248933687	0.0475838248933687	ATACP5/AtPFA-DSP1/AtPEPC1/ATPAP20/TOPP6/NA/ATVSP1/ATPAP8/ATPAP24/5PTASE2/SAC5	11
GO:0006560	L-proline metabolic process	4/635	15/16159	0.266666666666667	6.78593175853018	4.53411164493893	0.00228023754009814	0.0475838248933687	0.0475838248933687	ARGAH2/ATP5CS/AT-POX/DFR1	4
GO:0015766	disaccharide transport	4/635	15/16159	0.266666666666667	6.78593175853018	4.53411164493893	0.00228023754009814	0.0475838248933687	0.0475838248933687	ATSDX1/AtSWEET15/AtSWEET13/AtSWEET14	4
GO:0015770	sucrose transport	4/635	15/16159	0.266666666666667	6.78593175853018	4.53411164493893	0.00228023754009814	0.0475838248933687	0.0475838248933687	ATSDX1/AtSWEET15/AtSWEET13/AtSWEET14	4
GO:0046942	carboxylic acid transport	10/635	88/16159	0.113636363636364	2.89173228346457	3.59880577254218	0.00233905207641211	0.0479072517872554	0.0479072517872554	NA/ABCG30/NIP2;1/NA/AtSWEET13/AtAVT3/AtSWEET14/AAP1/UMAMIT14/ABCG11	10
